,number of facility,cost,dist_cost,time_cost,vehicle_cost
0,1,1764909.6607000001,2400.5655,2509.0952,1760000
1,2,1704100.4286999998,1720.5085,2379.9202,1700000
2,3,1703767.0724,1559.73,2207.3424000000005,1700000
3,4,1703794.4596999998,1577.2999999999997,2217.1597,1700000
